{
    "trust": 0.08999999999999996,
    "openness": 0.21000000000000002
}